"DESCRIPTION","DURATION IN MS","NAME","PARENT SUITE","START TIME","STATUS","STOP TIME","SUB SUITE","SUITE","TEST CLASS","TEST METHOD"
"  Yo como analista de facturación
  Quiero realizar cruces de facturas validando reglas de negocio
  Para mantener los saldos actualizados y auditados","41469","Filtrar facturas por cliente especifico","","Thu Feb 12 20:04:40 UTC 2026","passed","Thu Feb 12 20:05:22 UTC 2026","","Gestión Integral de Conciliación de Facturas","Filtrar facturas por cliente especifico",""
"  Yo como analista de facturación
  Quiero realizar cruces de facturas validando reglas de negocio
  Para mantener los saldos actualizados y auditados","37516","Validar bloqueo al intentar cruzar montos invalidos","","Thu Feb 12 20:04:40 UTC 2026","passed","Thu Feb 12 20:05:18 UTC 2026","","Gestión Integral de Conciliación de Facturas","Validar bloqueo al intentar cruzar montos invalidos",""
"  Yo como analista de facturación
  Quiero realizar cruces de facturas validando reglas de negocio
  Para mantener los saldos actualizados y auditados","41751","Realizar cruce de factura con asignacion de monto parcial","","Thu Feb 12 20:04:40 UTC 2026","passed","Thu Feb 12 20:05:22 UTC 2026","","Gestión Integral de Conciliación de Facturas","Realizar cruce de factura con asignacion de monto parcial",""
